{"indexes":[{"v":{"$numberInt":"2"},"key":{"_id":{"$numberInt":"1"}},"name":"_id_"},{"v":{"$numberInt":"2"},"key":{"streamID":{"$numberInt":"1"}},"name":"streamID_1","background":true,"unique":true},{"v":{"$numberInt":"2"},"key":{"roomID":{"$numberInt":"1"}},"name":"roomID_1","background":true,"unique":true},{"v":{"$numberInt":"2"},"key":{"status":{"$numberInt":"1"}},"name":"status_1","background":true},{"v":{"$numberInt":"2"},"key":{"createdAt":{"$numberInt":"1"}},"name":"createdAt_1","background":true},{"v":{"$numberInt":"2"},"key":{"updatedAt":{"$numberInt":"1"}},"name":"updatedAt_1","background":true}],"uuid":"dfbb516ed63842c8a4f2a56bebcf171f","collectionName":"live_stream_settings","type":"collection"}